{"cameraMode":{"drawMode":0,"name":"Shaded","section":"Shading Mode"},"sceneLighting":false,"audioPlay":false,"sceneViewState":{"m_AlwaysRefresh":false,"showFog":true,"showSkybox":false,"showFlares":true,"showImageEffects":true,"showParticleSystems":true,"showVisualEffectGraphs":true,"m_FxEnabled":true},"in2DMode":false,"pivot":{"x":0.6967881917953491,"y":0.5851158499717712,"z":0.17312920093536378},"rotation":{"x":-0.14536790549755097,"y":0.6927940845489502,"z":-0.14571622014045716,"w":-0.6911361813545227},"size":0.5278521180152893,"orthographic":false}